{
  "total_records": 10000,
  "anomaly_count": 498,
  "anomaly_rate": 0.0498,
  "currency_pairs": {
    "USD/CHF": 1997,
    "USD/JPY": 1990,
    "AUD/USD": 1979,
    "EUR/USD": 1949,
    "GBP/USD": 1924,
    "XXX/YYY": 161
  },
  "amount_stats": {
    "count": 10000.0,
    "mean": 755625.6235795326,
    "std": 2412093.6026628125,
    "min": 1005.5311390622558,
    "25%": 258992.70467555124,
    "50%": 508182.78026119224,
    "75%": 759684.6577279938,
    "max": 45335086.123249054
  },
  "price_stats": {
    "count": 10000.0,
    "mean": 26.670555725100492,
    "std": 55.05034046827673,
    "min": 0.13186080968235897,
    "25%": 0.8788146507588428,
    "50%": 1.1054054670548106,
    "75%": 1.3327854853281418,
    "max": 715.7472575555532
  },
  "notional_value_stats": {
    "count": 10000.0,
    "mean": 21168686.036829967,
    "std": 151302372.2306578,
    "min": 909.6158429068461,
    "25%": 307013.7458434488,
    "50%": 605900.603667164,
    "75%": 1126884.2149982005,
    "max": 5404410833.44199
  }
}